{"activityLevel":180003,"activityList":[{"activeTime":2053735,"calorie":167.0,"distance":1914.3701,"type":1001},{"activeTime":4876190,"calorie":853.12787,"distance":0.0,"type":0},{"activeTime":7475451,"calorie":435.88058,"distance":7859.7944,"type":-1}],"age":22,"gender":"M","height":179.0,"stepCount":17532,"weight":75.6}