{"activityLevel":180003,"activityList":[{"activeTime":4917887,"calorie":415.0,"distance":4933.62,"type":1001},{"activeTime":4744556,"calorie":833.38055,"distance":0.0,"type":0},{"activeTime":5969907,"calorie":389.08847,"distance":7253.914,"type":-1}],"age":22,"gender":"M","height":179.0,"stepCount":19591,"weight":77.5}