{"activityLevel":180003,"activityList":[{"activeTime":4042795,"calorie":358.0,"distance":4317.69,"type":1001},{"activeTime":6155528,"calorie":954.21106,"distance":0.0,"type":0},{"activeTime":2506828,"calorie":159.76996,"distance":2931.119,"type":-1}],"age":22,"gender":"M","height":179.0,"stepCount":13721,"weight":76.1}