{"activityLevel":180003,"activityList":[{"activeTime":1261647,"calorie":98.629814,"distance":1235.6208,"type":1001},{"activeTime":7171009,"calorie":447.85876,"distance":8409.912,"type":-1}],"age":22,"gender":"M","height":179.0,"stepCount":12858,"weight":75.4}