{"activityLevel":180003,"activityList":[{"activeTime":3714605,"calorie":341.82727,"distance":4603.6772,"type":1001},{"activeTime":5105056,"calorie":779.8605,"distance":0.0,"type":0},{"activeTime":7139949,"calorie":446.94904,"distance":8304.282,"type":-1}],"age":22,"gender":"M","height":179.0,"stepCount":20129,"weight":76.0}