{"activityLevel":180003,"activityList":[{"activeTime":1391226,"calorie":102.57697,"distance":1066.5198,"type":1001},{"activeTime":2942883,"calorie":186.59221,"distance":3500.6616,"type":-1}],"age":22,"gender":"M","height":179.0,"stepCount":6379,"weight":76.0}