{"activityLevel":180003,"activityList":[{"activeTime":2168257,"calorie":202.42303,"distance":2703.9102,"type":1001},{"activeTime":5235476,"calorie":781.7206,"distance":0.0,"type":0},{"activeTime":2270563,"calorie":144.79524,"distance":2704.1848,"type":-1}],"age":22,"gender":"M","height":179.0,"stepCount":10236,"weight":76.0}