{"activityLevel":180003,"activityList":[{"activeTime":3430938,"calorie":329.0,"distance":3947.0703,"type":1001},{"activeTime":992000,"calorie":144.65,"distance":2051.03,"type":1002},{"activeTime":5712620,"calorie":907.64026,"distance":0.0,"type":0},{"activeTime":2149469,"calorie":139.91956,"distance":2565.9438,"type":-1}],"age":22,"gender":"M","height":179.0,"stepCount":11934,"weight":77.5}